sentiment,text,user,,
negative,"RT @CityJournal: Publishing flawed science to raise irrational fear, making false statements about the efficacy of treatments, and extrapol‚Ä¶",TockEmily,,
positive,RT @grimalkina: If you have a robust skincare routine you have demonstrated aptitude in many core skills of data science. I will not be tak‚Ä¶,skzocaque,,
neutral,RT @JamesMelville: Follow the data not the science.\nüá∏üá™ https://t.co/kyAl7122Jx,hairymarx1,,
negative,"RT @RepThomasMassie: Three months ago, I called this CDC paper ‚Äújunk science‚Äù because they cooked the data to falsely show the vaccine was‚Ä¶",bluesharkhealth,,
neutral,RT @JamesfWells: No I don't agree Jon and I think your comment makes you look like an ignorant bully!\n\nThe science does not back this cours‚Ä¶,TheGenesisWell2,,
positive,RT @only_nenye: I just published an article on skills required in Data Science.\n\nI hope this helps newbies have a clear roadmap on what to‚Ä¶,OG_James_,,
positive,"@BillUnstoppa @CrankyHankJ @RMConservative @FlavioCadegiani @BlazeTV No, usually I don't trust news - journalists a‚Ä¶ https://t.co/UK7e0j2cNI",WeiseFranklin,,
negative,"RT @mrslyncxy: @GordonDarroch The worst part is the horrific 'science communication', from certain supposed paediatricians alongside increa‚Ä¶",197winstonsmith,,
positive,RT @cfinnecy: The government and their supporters: \n\nWow. Putting all their eggs in booster basket was such a good call\n\nScience on 12th Ja‚Ä¶,scoaby7,,
negative,"RT @RepThomasMassie: Three months ago, I called this CDC paper ‚Äújunk science‚Äù because they cooked the data to falsely show the vaccine was‚Ä¶",Sephmeister,,
positive,Tips for Building a Successful Data Science Team #DataAnalysis #DataScience #MachineLearning https://t.co/hH1NU7qWjL,ai_summary,,
positive,RT @grimalkina: If you have a robust skincare routine you have demonstrated aptitude in many core skills of data science. I will not be tak‚Ä¶,witchyshroud,,
neutral,RT @JamesfWells: No I don't agree Jon and I think your comment makes you look like an ignorant bully!\n\nThe science does not back this cours‚Ä¶,YvetteHenson,,
neutral,"work! adakah info bootcamp atau kursus data science yg ada mentor nya?, pengen bgt belajar data science yg bener2 d‚Ä¶ https://t.co/AkNoqeIx3k",worksfess,,
negative,"RT @RepThomasMassie: Three months ago, I called this CDC paper ‚Äújunk science‚Äù because they cooked the data to falsely show the vaccine was‚Ä¶",Jen_Raz206,,
negative,RT @celebrityradio: 24 days üòù Mental‚Ä¶\n\nThey ignore science. Data &amp; facts is clearly irrelevant. \n\nThey deliberately avoid history (the worl‚Ä¶,bowen_rob,,
neutral,RT @agt_02: Data Science Roadmap:\n\n#Coding #DataScience #Developers #DataAnalytics #programmer #softwaredevelopment #javascript #Python #Ma‚Ä¶,KellieAnnOxford,,
neutral,RT @David_Mulroney: How China spies on the West https://t.co/4h7axeAw70 \The invitation to the ‚Äòhackathon‚Äô, as Huawei described it," was aim‚Ä¶""",village_whisper
neutral,RT @JamesfWells: No I don't agree Jon and I think your comment makes you look like an ignorant bully!\n\nThe science does not back this cours‚Ä¶,solsticebeing,,
negative,"RT @RepThomasMassie: Three months ago, I called this CDC paper ‚Äújunk science‚Äù because they cooked the data to falsely show the vaccine was‚Ä¶",karldickey,,
neutral,RT @David_Mulroney: How China spies on the West https://t.co/4h7axeAw70 \The invitation to the ‚Äòhackathon‚Äô, as Huawei described it," was aim‚Ä¶""",scoopercooper
neutral,"RT @rasangarocks: Data-Driven Science and Engineering: Machine Learning, Dynamical Systems, and Control\n\nLink - https://t.co/T2Zeftznd3\n\n#M‚Ä¶",SATYAJIT1910,,
neutral,RT @JCRnEDITORS: Delivery of CRISPR-Cas tools for in vivo genome editing therapy: Trends and challenges.\n| Akitsu Hotta @KyotoU_News |\n[Ope‚Ä¶,ac467,,
neutral,RT @JamesfWells: No I don't agree Jon and I think your comment makes you look like an ignorant bully!\n\nThe science does not back this cours‚Ä¶,GoingReality,,
neutral,RT @GabeFilippelli: Look what we managed--all of the thousands of @USGS soil metals data from the entire USA are now on our community scien‚Ä¶,ra_rabble,,
neutral,"RT @rasangarocks: Data-Driven Science and Engineering: Machine Learning, Dynamical Systems, and Control\n\nLink - https://t.co/T2Zeftznd3\n\n#M‚Ä¶",Bills_Bot,,
neutral,"RT @rasangarocks: Data-Driven Science and Engineering: Machine Learning, Dynamical Systems, and Control\n\nLink - https://t.co/T2Zeftznd3\n\n#M‚Ä¶",xaelbot,,
neutral,"RT @rasangarocks: Data-Driven Science and Engineering: Machine Learning, Dynamical Systems, and Control\n\nLink - https://t.co/T2Zeftznd3\n\n#M‚Ä¶",datasciencebot_,,
neutral,@CharCrnll @GovMurphy @justinalpertesq @AmberNMarchese @declanoscanlon @flynnforNJ @LivSchools But I am neither.  I‚Ä¶ https://t.co/pVDrxaKNE4,SportsJefe81,,
neutral,RT @deji_victo: @ToyosiGodwin Simplilearn-Analytics and Data science,MondayGeorge12,,
neutral,RT @JamesfWells: No I don't agree Jon and I think your comment makes you look like an ignorant bully!\n\nThe science does not back this cours‚Ä¶,LFCSH2,,
positive,RT @SitesCourse: R Programming A-Z‚Ñ¢: R For Data Science With Real Exercises! | Course\n\n=&gt; https://t.co/d5kFXF08uH\n\n#100DaysOfCode #udemy #D‚Ä¶,ali19baba,,
neutral,RT @David_Mulroney: How China spies on the West https://t.co/4h7axeAw70 \The invitation to the ‚Äòhackathon‚Äô, as Huawei described it," was aim‚Ä¶""",ChinaCrisisNow
positive,"@GiftOjeabulu_ Data science, interesting, educative",_fisayo__,,
neutral,RT @shabnamseua1: #day3\n#66daysofdata\nI am still here:)\nkaggle python lessons\nwatching what is data science by Joma Tech,py_data_sci,,
neutral,RT @JamesfWells: No I don't agree Jon and I think your comment makes you look like an ignorant bully!\n\nThe science does not back this cours‚Ä¶,Shabellki,,
neutral,RT @JamesfWells: No I don't agree Jon and I think your comment makes you look like an ignorant bully!\n\nThe science does not back this cours‚Ä¶,BerniePalmer2,,
neutral,RT @Marc_Also: @grayphil27 Wait until you hear that he's not even a professor of virology or data science. He's a professor of physics who‚Ä¶,Godsave48941781,,
neutral,RT @eddelbuettel: Lecture slides for my 'Data Science Programming Methods' course STAT 447 from this Fall 2021 at U of Illinois are now acc‚Ä¶,Gabors_Data,,
neutral,RT @eddelbuettel: Lecture slides for my 'Data Science Programming Methods' course STAT 447 from this Fall 2021 at U of Illinois are now acc‚Ä¶,GaborBekes,,
neutral,RT @JamesfWells: No I don't agree Jon and I think your comment makes you look like an ignorant bully!\n\nThe science does not back this cours‚Ä¶,GothBlackmk2,,
neutral,"RT @Encrypgen: If you never made a profile at https://t.co/DmqjKDc2xI or uploaded your DNA test there, now is the time. You won't regret it‚Ä¶",Batygoal2,,
neutral,"kr! adalah info bootcamp atau kursus data science yg ada mentor nya?, pengen bgt blajar data science yg bener2 di b‚Ä¶ https://t.co/L0xEAHkisY",karirfess,,
neutral,RT @David_Mulroney: How China spies on the West https://t.co/4h7axeAw70 \The invitation to the ‚Äòhackathon‚Äô, as Huawei described it," was aim‚Ä¶""",TheDuggerD
neutral,RT @KrystianMaccs: Done compiling curriculum for private Data Science class. Now for some sleep. üò™,joemetry150,,
neutral,RT @JamesfWells: No I don't agree Jon and I think your comment makes you look like an ignorant bully!\n\nThe science does not back this cours‚Ä¶,psibernaut,,
negative,RT @celebrityradio: 24 days üòù Mental‚Ä¶\n\nThey ignore science. Data &amp; facts is clearly irrelevant. \n\nThey deliberately avoid history (the worl‚Ä¶,spindleshank519,,
positive,RT @KirkDBorne: Complete Tutorial to Learn #DataScience with #Python from scratch: https://t.co/PfQ5gftVCF by @AnalyticsVidhya \n‚Äî‚Äî‚Äî‚Äî‚Äî‚Äî\n#abd‚Ä¶,Bhilai,,
neutral,RT @KirkDBorne: Learn about Pandas and NumPy for #DataScience:\nPart 1: https://t.co/RWTrR0JFtI\nPart 2: https://t.co/VK5AHbgE8O\n‚Äî‚Äî‚Äî‚Äî\n#abdsc‚Ä¶,Bhilai,,
neutral,#day3\n#66daysofdata\nI am still here:)\nkaggle python lessons\nwatching what is data science by Joma Tech,shabnamseua1,,
positive,"RT @joestaten: I came down with #COVID last week. Glad to be vaccinated and boosted. My symptoms were mild. But folks, please be hyper-vigi‚Ä¶",choyosmojoyos,,
neutral,"RT @pythonbot_: Data Science on AWS: Implementing End-to-End, Continuous AI and Machine Learning Pipelines https://t.co/GEYDGINHw8  #Python‚Ä¶",NadarSenpai,,
neutral,"RT @pythonbot_: Data Science on AWS: Implementing End-to-End, Continuous AI and Machine Learning Pipelines https://t.co/GEYDGINHw8  #Python‚Ä¶",ItsOyondi,,
neutral,"Just some advice, if ur studying engineering or science please learn python cause all the computations, data proces‚Ä¶ https://t.co/8waionGWfz",mementoos,,
positive,RT @SitesCourse: R Programming A-Z‚Ñ¢: R For Data Science With Real Exercises! | Course\n\n=&gt; https://t.co/d5kFXF08uH\n\n#100DaysOfCode #udemy #D‚Ä¶,CoderRetweet,,
negative,"RT @RepThomasMassie: Three months ago, I called this CDC paper ‚Äújunk science‚Äù because they cooked the data to falsely show the vaccine was‚Ä¶",2puttsonly,,
positive,RT @KirkDBorne: 70 Free Online Courses for #DataScience to Advance Your Skills in 2021.\nvia @tut_ml\n‚Äî\n#BigData #Analytics #MachineLearning‚Ä¶,NadarSenpai,,
neutral,RT @SitesCourse: Statistics for Business Analytics and Data Science A-Z‚Ñ¢ | Course\n\n=&gt; https://t.co/EPTGx3xneA\n\n#100DaysOfCode #udemy #DataS‚Ä¶,NadarSenpai,,
neutral,RT @SitesCourse: Statistics for Business Analytics and Data Science A-Z‚Ñ¢ | Course\n\n=&gt; https://t.co/EPTGx3xneA\n\n#100DaysOfCode #udemy #DataS‚Ä¶,CoderRetweet,,
neutral,"RT @Datascience__: Data Science on AWS: Implementing End-to-End, Continuous AI and Machine Learning Pipelines https://t.co/9DSsVBPjwP  #boo‚Ä¶",NadarSenpai,,
positive,"RT @byLilyV: #FEATURED #COURSES\n\nMachine Learning, Data Science and Deep Learning with Python\n\nComplete hands-on #machine #learning tutoria‚Ä¶",NadarSenpai,,
neutral,"RT @Datascience__: Data Science on AWS: Implementing End-to-End, Continuous AI and Machine Learning Pipelines https://t.co/9DSsVBPjwP  #boo‚Ä¶",_00o0o00,,
positive,"RT @byLilyV: #FEATURED #COURSES\n\nMachine Learning, Data Science and Deep Learning with Python\n\nComplete hands-on #machine #learning tutoria‚Ä¶",Bills_Bot,,
positive,"RT @byLilyV: #FEATURED #COURSES\n\nMachine Learning, Data Science and Deep Learning with Python\n\nComplete hands-on #machine #learning tutoria‚Ä¶",xaelbot,,
positive,"RT @byLilyV: #FEATURED #COURSES\n\nMachine Learning, Data Science and Deep Learning with Python\n\nComplete hands-on #machine #learning tutoria‚Ä¶",TheDevelBot,,
positive,"RT @byLilyV: #FEATURED #COURSES\n\nMachine Learning, Data Science and Deep Learning with Python\n\nComplete hands-on #machine #learning tutoria‚Ä¶",CoderRetweet,,
neutral,"RT @Datascience__: Data Science on AWS: Implementing End-to-End, Continuous AI and Machine Learning Pipelines https://t.co/9DSsVBPjwP  #boo‚Ä¶",trab_bot,,
neutral,RT @JamesfWells: No I don't agree Jon and I think your comment makes you look like an ignorant bully!\n\nThe science does not back this cours‚Ä¶,oldbid45,,
negative,"@GordonDarroch The worst part is the horrific 'science communication', from certain supposed paediatricians alongsi‚Ä¶ https://t.co/SIaa6lVIdQ",mrslyncxy,,
negative,RT @samuel_wong_: From Vague to Value ‚Äî Data Practitioner Insights https://t.co/Y4ehBtECZD,DD_Jessica_,,
neutral,RT @JamesfWells: No I don't agree Jon and I think your comment makes you look like an ignorant bully!\n\nThe science does not back this cours‚Ä¶,antianti69,,
positive,@baza_davies @BorisJohnson Burden of proof is on you my friend. Show they AREN'T safe. Health professionals and sci‚Ä¶ https://t.co/k8yKjlkvhd,celebrikid,,
negative,RT @datafying: From Vague to Value ‚Äî Data Practitioner Insights https://t.co/QrjiwlAA3f,DD_Serena_,,
negative,RT @samuel_wong_: From Vague to Value ‚Äî Data Practitioner Insights https://t.co/Y4ehBtECZD,DD_Serena_,,
positive,RT @CodingPseudo: Data Science 2021 : Complete Data Science &amp; Machine Learning\n\nhttps://t.co/W9bTjCbrfm\n\n#DeepLearning #Analytics #DataScie‚Ä¶,rahul05ranjan,,
neutral,RT @David_Mulroney: How China spies on the West https://t.co/4h7axeAw70 \The invitation to the ‚Äòhackathon‚Äô, as Huawei described it," was aim‚Ä¶""",PJ47596176
neutral,RT @JamesfWells: No I don't agree Jon and I think your comment makes you look like an ignorant bully!\n\nThe science does not back this cours‚Ä¶,HastingsKim,,
negative,RT @stratorob: #DataScience: Game Changer in #DigitalTransformation of #Banking Sector\n\nüìådaily sun https://t.co/syzqEFD2wc\n\n@DaveKerpen @Ma‚Ä¶,chidambara09,,
neutral,RT @JamesfWells: No I don't agree Jon and I think your comment makes you look like an ignorant bully!\n\nThe science does not back this cours‚Ä¶,philbaylisss,,
positive,"RT @pnvich: 1. Grow to Greatness: Smart Growth for Private Businesses, Part I\n‡∏Ñ‡∏≠‡∏£‡πå‡∏™‡πÇ‡∏î‡∏¢ University of Virginia \nhttps://t.co/Ek2NwJBGpc\n\n 2.‚Ä¶",LoveAsPossible,,
positive,RT @UK_Centrist: Media and Governments have decided it's easier and more politically expedient to control the data rather than follow the s‚Ä¶,eastcharle,,
negative,RT @celebrityradio: 24 days üòù Mental‚Ä¶\n\nThey ignore science. Data &amp; facts is clearly irrelevant. \n\nThey deliberately avoid history (the worl‚Ä¶,7mimmim,,
neutral,"RT @ai_jobsNET: HIRING: Assistant/Associate Teaching Faculty (School of Data Science) / Charlotte, NC - https://t.co/q5U5nxfH7d #AI #Machin‚Ä¶",mahnzu,,
positive,RT @CodingPseudo: Data Science 2021 : Complete Data Science &amp; Machine Learning\n\nhttps://t.co/W9bTjCbrfm\n\n#DeepLearning #Analytics #DataScie‚Ä¶,AzuerBot,,
negative,RT @celebrityradio: 24 days üòù Mental‚Ä¶\n\nThey ignore science. Data &amp; facts is clearly irrelevant. \n\nThey deliberately avoid history (the worl‚Ä¶,simonmccarthy4,,
positive,RT @CodingPseudo: Data Science 2021 : Complete Data Science &amp; Machine Learning\n\nhttps://t.co/W9bTjCbrfm\n\n#DeepLearning #Analytics #DataScie‚Ä¶,ServerlessFan,,
positive,Data Science 2021 : Complete Data Science &amp; Machine Learning\n\nhttps://t.co/W9bTjCbrfm\n\n#DeepLearning #Analytics‚Ä¶ https://t.co/jY1DlW9mYY,CodingPseudo,,
positive,"I think it's fair to say @markjenkinsonmp has a brown nose, doesn't follow science or data as a second variant of O‚Ä¶ https://t.co/uBzHrLfmBn",oflahertyevents,,
negative,RT @ScienceMagazine: A new Science analysis of data from U.S. military recruits suggests multiple sclerosis‚Äîa disease considered of unknown‚Ä¶,tanpopolion,,
positive,"RT @DiawAhad: For more ML/ AI/Data Science/ Data Engineering learning materials, please check my previous posts.\n\nI share my learning journ‚Ä¶",BambaSpoid,,
positive,RT @gp_pulipaka: Free eBook: Exploring a #DataScience Career. #BigData #Analytics #AI #MachineLearning #IoT #IIoT #Python #RStats #TensorFl‚Ä¶,viviane41861305,,
positive,"The Future of the Modern Data Stack in 2022 | by Prukalpa | Jan, 2022 | Towards Data Science https://t.co/DoRNUeTobP https://t.co/bdPrBe52lL",abonel,,
neutral,Ask me about Fully Funded scholarship üìå\nAsk me about Cloud Engineering And Data Scienceüìç,OnabanjoMico,,
neutral,RT @eddelbuettel: Lecture slides for my 'Data Science Programming Methods' course STAT 447 from this Fall 2021 at U of Illinois are now acc‚Ä¶,AukeHunneman,,
neutral,RT @JamesfWells: No I don't agree Jon and I think your comment makes you look like an ignorant bully!\n\nThe science does not back this cours‚Ä¶,Neph196911,,
positive,"RT @Aakriiti_Sharma: 5000+ friends, super grateful üåª\nIf you are interested in:\n\nüêç Python\nüêº Pandas \nüìó Microsoft Excel \nüóÉÔ∏è SQL\nüìà Tableau \nüë©‚Äçüî¨‚Ä¶",marmegal80,,
positive,RT @KirkDBorne: 14 Best Free #DataScience with #Python Courses Online.\nvia @tut_ml \n‚Äî‚Äî‚Äî‚Äî‚Äî\n#BigData #Analytics #MachineLearning #DeepLearnin‚Ä¶,g1nb1t,,
positive,RT @KirkDBorne: 70 Free Online Courses for #DataScience to Advance Your Skills in 2021.\nvia @tut_ml\n‚Äî\n#BigData #Analytics #MachineLearning‚Ä¶,g1nb1t,,
neutral,RT @JamesfWells: No I don't agree Jon and I think your comment makes you look like an ignorant bully!\n\nThe science does not back this cours‚Ä¶,simonort3,,
neutral,RT @JamesfWells: No I don't agree Jon and I think your comment makes you look like an ignorant bully!\n\nThe science does not back this cours‚Ä¶,evolvingmamma,,
